name,town,level,attack,defense,minimum_damage,maximum_damage,health,speed,growth,ai_value,cost,special,image
Peasant,Neutral,1,1,1,1,1,1,3,25,15,10 Gold,,"data:image/png;base64,R0lGODlhGwAeAPcAAAQKBISCZFdINEpZdIy+xGxmTHSCnKSmdEFGVHp4XHiGfC8tNFxWPGRydJTGzFxmZGBaVIujnGyWjIRGRJymhJvi9DY+TFJIRISixCcrLJiWdF9zlMC0jMSqnJR2ZDw6NIRmTHRcVJy2pMCmhGRWPE9kfKCWhPzuzICCbHRuTENQZHF3bJySfHl+dHxqbFBQRB8dHG9gRF5ONIXY9EpYbGRuZJarnMPw9Eo9NFVpjEBOVHyOfJGjlFQ+FJSKbIJ+ZLy+nGxmXFQ2NFRuhMTq7FxqfGJRRHpoTHl4ZDk0NIWbjFx6rJSelCAiJExebERCRFNIPDxCXKCadHR6lLSulGpZTLCYfI2EbNSybLzW3KymhDZAVJF+bIxiVJy2tGBkfGhfTLze5HJwZJGurFBCNEQ6JBQUFIyenDxJXIeGfHRoZJSirE1JTJi6xIRyTHFiVKS6rMCujHZwXG99fGBPPJLe9FBSVIyOjFpvjCwyRIaclFFCLJyIXE9edKTAtHSMrLSwfMzq7OTSrGQuLLi4nJzO1FxeVCQiLISp1Mz09ExWTDM7RJSSfNzCnLTCxJRyXIxqXLTKzNS6nDwyLHx+bMy6lIx+XJSefIhyZKSOZLymfLGRfFxaZDQmHFxeZK+bbAwSDGR2dLCefIROPKbl9IR6bKCklLTS1FRWXIympIyjjLyylJq0rEhQTJOtpMy+pLnp9Cw2PKyGZMTe3Ix+ZGpoVHCEpKyqfF9ufGBobGR2nGxeXGpXRFRmhISFdERSbBweJGBwbEw6PHiPhJKMdFxSTHdqVG98nIyCdKmojGxybEk7LBwWHIyKhGRiXGBgbKyadExKVIR2XJSmnHyXjERCTISmzKSSdMyqhMzCnIR5ZFxKPEQ+VHRgTExGXHRqbHx6fGRwjKS+vMzu9FxYTMy2lKS2rFROTMTq9HSGhKSShEBOXFZqhMyydExCPIlyVGxiXExefFRabCwmJLSehAQKDKTGzHRuVFRCRMSulJx+bMyujJze9Jx+XIRORDw2PCH5BAAAAAAALAAAAAAbAB4ABwj/AGHBqlCnzoyDM+oQrECqgkOGBhEerJOo4g2BpBryq7NxRgV+Hws5aDPGiwhWYwjcuFGx4rhxK1eiQwdr1ik/IuBEcOVqDM8xAmGNSxQoTJtUa8RFiiTOC6uncKa18NmTJzois7I48tIKFAAATRRQm1Y1go0aEYYpYSUiQgR7XuDAYVXDjF1m5IJRS+XWlZ4WTPQoE8GEEBANJxNnsDsvn7oaeiLr4UGtmQ0xPJL5qBQHxTQRrngogYGjE5dXm7SpUqJHlZ5hd1b8OCCHCj0kCkKFSieB2iEY20BAO5FMFTVqq6kp8AUoSDJThnwoaxBq2JxhrWAk2fSokQklEpTw/6CSTMoVFGmSBRFDaUWDOUoUPMjQpMnmc60U9ObA4VYVMWKowZ4cSKxgiS+m5LLIIodk8IEoTViggwIUXAJIARAg4YsUGiCBRAJyHCGNNir0QcM682SwyyRo5ODEJ1hg8U4BfIzARwBXIFFLEMb4YMEvG8QzQBILYPJGLDksYccn/biRySefWGECC7Qk8AYlSFTjAh4DsENDE5h4AsMAeFggyzXaXEGMFh0g80MtYFyg4xOQDCHPMX3AEAIXTaDBDjcj6JNAAMQQwoI0cNLBgDa1VNNFCb/YossWFmwiRDU5RAOFB0FccQULYtwjhxwJfPjCFuuwM4AKG+RAwzP+/P8TTQGTuLOLNLgawwsYtGjDBS/u0PCFLjSEoEI8OSAwCA7dEHkBL9DSsY0RJFBrBC9s4PGHLkmMooMKvXAjDC8xbFHNNtIKIIAMdNDB7jZVPMGOLl8scMEiKtAQRRJu0GGEEVAIgK6/vJBALh28QBHPFxMg8AEbNPSCRgzSuttutQW7SwK6UOBgQQv0kLNuD2XIEAO60cog8DYkkCCwwXsIMAkOVozwTBG4eFIFy3SQQIcA7dJBxspA07HHNh+gcc4+2eSARxd5FNMyL920u83V26i7Li97LJNHCSpUE0c5+hSjAgIoQxsDxT4Hza4A7rSIR7gjCKKGAV+cwwsdAQtVsLe0KvuctQAq6DLFMZwc4cIGGBQRT7QVt2vENmQYUQUv21xAw+HHHMFGDhggYo0dqPz88zJ+Dxw0wGjY8kcQEIRDQziIIJJLEqsLAAUdVbTLy+QBAQA7"
Halfling,Neutral,1,4,2,1,3,4,5,15,75,40 Gold,"Ranged (24 shots), Luck +1","data:image/png;base64,R0lGODlhGwAeAPcAAAcFBIx+XFxCJMy+jIeelERITCwiFKyabHBkTCcmJKh+aGNWPHFzbGp/fI5kTEwWBLSebIy+xFJENKSulHQkDJLe9FQ2JF1FNIB0VJGPdGSQhEw2JHEUBJS6xKysfLyylHyAbHwyDMPw9BYWFJyIdMSqbF5ONISehFRmZFdWUVgkBIFbRKR2TL/e4Y6IbMSqnEAoJJSvpFAwHJyolFQeBJSQfHRWTHBfRIXY9FRSRGRSRFAiFHRuTIGFfLSehEJERFlXXKSypHAsDHR1ZG8cDIQ1DCQKBJyOXG1YRJRuVDk2NBwaHKGVdKSahKymbGh6fJzO1GqWiLy2lIqBbGxONFQeFIQ+DLzCpDIvLKbl9FY7JEQUBLSyh2deTrnp9Jy2q4+qpFwcBGQuHBwOBJRCFIRlTF1KO3x6XJSchGxlXIiIdEwyJEgqHFBKRH4sDIg0FIWAZGxCLIuimaSafJyGXFlWRHR6bHSGgOSifHd0XMz29GFPPFwqDLB0XJOxrHyKgNikhNTIrLza5MiUbMySfLzY3LymfOCujLTCxEQeEJZuXJyKbGQ6HMSMdNSqfIyWjFRSVHhuYLiefKS/tKymiKyqjJxiRLSynNS2lHA8JAwOFDwyNMymjLy+nKSWhNyylLeHbFxKLJSWfKW6q6yWZKR6ZGQWBMyadGtZTKhsTLTOzMbq8JTGzFRKPEw+LIxiRIReTGReXIB6ZHuWjMyyjFcqGXmRhFBERIAcDDgOBFRKVCQiHKScdCwqLGR1dJxmVFEjDLR6VJKonISOhHNrVDk5PMG5nJQ6FFk9LAwLDDwvLKR2ZOCkjKTGzJSWdNzOrHx6fKyyjFZCLJSunLSqdG9jVFIUDFRGPEc6LGwWDHh+dIObjFAcDHAsFJySfKiidIyCdG9PPDQyNDwSDF8dDIyejNy6nDQqJHR+fIQmDJzi9FQyLKyuhMyulMzx9CQaFGRqZEwqJGxSRIyCfLS2pEQ6NBweJJympGxmZJSKdJQyFJSAZGRXRJyyrLTS1DQmHCH5BAAAAAAALAAAAAAbAB4ABwj/AL14UVehAo6DOApWUJcly0KGBhEi1KPHnQiBXhoSLJhQHUEorDr48dNvZAQRIty5q4jSC0oRqwS2UDVp1KgYYGLE8LMT4yp3qwoJKuRP1b0esSI9+vLFpk4/OcH48bKqRSFEk74QICAHHrAtYXLlSiOHKRhho774kSOnWU2nBGbJ3bFFBY2v1obIGTVjWtNOnZwFYfolxiw5Wx+JCaMCWK4wD9LMIhwNkzlaIOQEiUGg3KxH26ZN28AnUxVLpfbJJTDBA7sBE9Co8eXrjtxZUWYJi7FgRyoHjto1mXXCAxdjz+jVyMDA1xNb6GxpiBJlmxxt1345CDaoSSUP3wYE/wpECYS25tC23XmiYbotbcWK2XhlBhkIDxnuXPogJUOeIXYEoMYMM/yxXgMoiFMFDD/8gAUQKVBzgAtq8JKBLLLkkQcPeUjiBC811ADPg7qQY80tbWwiQwlOLGIIHVO4IAsxaRAzhyRMLIJBHUAUoEQvtRRxDAVEIAMBKQccIIknNcCRRzVTLJKPC4tMgcUPkCjzzg5uHDPkCvu4kAElL4AABzGotDEEHCTkAwcTvfwAxDrvWMNBCG4QIU0kcGRgjDeyVHPDAjnI4gIJU5CQRjG3yEKFKSFwoA8F5MiTgixTeJMHMRhEcsYQZ/CAwA035GDDD3BgkwsF3XSTCRUJQP/ShYbE2NAFHJjyswc/o5ZxCD+ovDOCOJv0YoYA2CiyDBLhXLNAODksoAMS1N6AigKHAGKCNVXEE08VRFhjAiyNKICECTrsYcIeZqCiaxc3DHIIKHtw4AYHRFCQTjYXhNNHH4rIs8AC/CCxABI6mLEHEis4oIgWFODCgRBWkKGCGHvAUkYSC+yxRzjsttKKBNfssYYWN7BBQRFEAHOMG+T8s67HHUtgwsES5CyBGRYgQ8UawHAjxC5vjAHAEjPnzK4EHkuj8B5aXHCBGRe8Y0QumyTwTjJL1GOGGa2YkbMZJiDhiitfI2MGFdJgMwIAAChRDxYAaFLPDXt07LG67CpprIMFdcijxT8jJJMMybcksAQ2SHis8M1L77EzMtDMIwMMyQCAxR4sEKLACk+bkbA0OaCCRCuoJIwNApkIwAko4TDtACCAJCGBK60sELrH6eqQrhbSOIBHIwgv/Mkp4eiwsw78pIuwGQEBADs="
Boar,Neutral,2,6,5,2,3,15,6,8,145,150 Gold,,"data:image/png;base64,R0lGODlhGwAeAPcAACMMBKyGVFBILFBUTEQqDMy+jISblF9lRDAtLEZINDg8JKSebHFuTDQaBFArDHiGfIy+xHxQPHB0bCIcHKSulFFVPJLf9HxWHIxuXDwcBHJ3XFExHGyWhGw6DHhGFJy2tDw+LKyufLy0lIxiJMHv9DEtHGI8HKyWZFgyDEEkDG5HJGxqXGVTPDYWBF5KNMDe4FZCLJBkPGdeTI+eiZeVdCw2HIKCapSupHx5bGpCHMSqnHSGhIXY9KSypKTAtJymlDQiDHpaOj8lHEwkDJyCZH5+ZERCPHBQJCwSBFAsFICMfJzO2Fk2HkRCLEIsHGE8JHxuXGpaQpRyPHxeTKSWhE9HRLSmbB8bFHB6cKTi7HRWLFozFKead2xyVC8lHFxaRHx5XHxOHNS2lEAkFGhVRGhONLnp9Jy2q3ReRExOPEw8HFBSREAeFLCyjIhkNDwWFGxmXKyehIyKbNTIrJCqpB4ODGBKKlxaXDw2L1RKPHNrVC4bDFAwJISajHRCFG9HHMS6nKR6TLTCxMDAnLzY3LiefMy2hEQ2FKSNZKS+vKSmfFx6fIx+XHRSRGdZTIhdLKR2VJS6xCQWFHdjRJyOXIxeJKSabHRyYI9qP2ZmVId+bKW6q6R2PKymiLTKzMSebJReRMyyjIiEdH6ThEMyII2FbLy+rIZbPJGOdLTS1Mbq8IuimZTGzHmOh4ByXoBmUEROLFxaTHxWNMz29DQeFHB8fGR1dLSynIRWJGU7FDw9NJdlLJySbGxuZDkVDFxANJWxrKS2rJConCgkFHpQLKRuRLyqdCQmJKygjKTGzKSKbNzOrIRyVLymfJyGXD4qFF5CJEhCNGBOPHx+dJR2RCQeJD4dDHR2ZLGxhMC0nDAqJG9JLFxKPGxiVJiTfDEyJE8mFCkVDEEsJKbk9H96ZNy6nE87JLzApISGfH6WjIyKfDwuLFRHNFwqDFxUPJzh9IxaHFwyHEw8LMzx9Gw8HGQ2DGRBLJxiPLS2pEwmHHxOJFwtFGw+JHxqZGQ0FJRmNCH5BAAAAAAALAAAAAAbAB4ABwj/AM2YeffOAg8ePnhYCJbl3bhxFiBCPEjx4KxZ80iYUTXuXKtFjpYYJFhwCatIwICdSQmBxLyXGEmo+xXETiJVAl+k8rFp0w06dIDduAFMoBmXqgg1cTEJDRZPiT4EOxOsJ9GrwOhsfEFI0AclXtJ8SZMpnbCsdFad2SRMmE9gq1Yl69lT2IQ9NSpUGNCq7So6BlaxvdFz0CBUPc6c6SEs2hFSsL6lSTDKgGVh6fok7tFGjJhQNtQKW5VJi5Qy5mCYY6Kkj4Eiplq5phACG6A2Mx7YWrQjnQxqAQIFeZZi2KhR6bTBYDYIm+1l+LzxkmALyygsug6QygHNzqEao3DE/3ExRRovRQXmzOmkCYsECbX69GJQAcghcxv2fNvBIRYtcUIgM8MtIoiAyiXX4MAIOj9k0kUFathR0zNpxKJHNnY4QoQlcojCBQ3kkKMBFAwwU8gkCRwzySmoMZBAE5gEYAUihszYjDOllAKGHivo4Y0yUXzzBR54eDEBOzCQ4s4rC5xgzAmWWFIIFeqUcokMNtggDy2S6KIBHhP8J8QKTpCBBhpylIJKJzqIQg4DMlRxiStOiHPFBNckoI0bbLzRjxCk2CMNBkWgko0317wiQwVrkLLHHnzUgcAwYLCAiS8AsJFPChskIU43pXizIxRQgEFOBklkMIYQE0gDQjTh+P8iBDhJ8MFEp1foAYUejshQBDmaDOGHPw6EY84npNSRQhK5HEKPCdvYQ88zTriTBwtkuIMtMbuE4c8QdawjASkoqJDDH39sky4Tf2zxCzssuMMNC3losQsufrRzjC5QjJGCCSbIIssjmLjxRC7+pJALNNBEEQULR4zgBz0lIHCHEdZk4AC0QWxzihtJAJzBEB48wYI03PwRhgkNIFBFFRO0kMQYt26xzSMpPLHBEPQkAcMv80ZhwhZjtODFGggAMMQW1tADCjFbDJHCPvsQE0M8SbDDjTTSOLAFEi2U0IQQADgwRAtaFPPPPnuMocIfbFTCxBCOkENGFEwjEU40BwiRgUQKGYRDTzGQeNBAuY/EcM8j9GCgyRQsJAGAL/KQcoACtFjTAgC5/MPJBSlY40A9f+jzyDZEPBFBHgBQu7U7FQgwxh5IDPFHJVv4Eo4Qmbewjz1l2BNBI0JwKg0ZXGudxy/WbOEHAEhswI48v6QhDhtJvNEIC+JsYTIZ4GOL7Rgd/BEOE+awoDX43MjDNTcBAQA7"
Rogue,Neutral,2,8,3,2,4,10,6,8,135,100 Gold,Spying,"data:image/png;base64,R0lGODlhGwAeAPcAAAwKBISCZFVGNKS+tGxmVDEqJHSOlFBSVHdVPDIxNKigdJLe9FxWPGhybJyGXJyolBgaFElHRFE9LKS6tMTe3HCEfHx2VFQ2NLyylDwlHE4tJFxONJzO1CMhJGmVhDw6NMnw9JxqTHxePEQyJHR6bLyefJOtpGlJNBASFLTOzKSafCokHGNSRCssLLjq9Kx2TEJCRIy+xGxoXGhZTMfp7JSypJSUfKyufIiGfIF9bJGRdLze5KSabDxOTExCLFtANLTS1IFhTCQWFFFHPIedlGxiVHhaTEc2NDAcFHh4ZGhONCUmJExCNOzu7FRCRJSehJyKbKymnEwyJKhyXKyqpBUWFLS2pIyKdLy+rDwqHHRaPDM2NKTm9GRWPB4cHF88LLSutODg3GSOhHyajEc6NGdBNIyipJSKbHRuTHRURJ3i9HR2bJSunEpKTCwiLHyShJxyTGVIPDQtLHhwXKS6rIB+dLza5KSenKykhMC+vObp5I+DbJKpnJB8XFwmJCwiJMz29LSyhIXY9LTCxKR6XNymjNzazMyObExeZJyWlOzq7LyCXIaajKzm9NTT1JyajPT2/JxeRGl7fJTGzJS6xKmrjJxiTFhaXISOhMjGtGQuLLSafFRQRGQyJLR+XLy6lLza3IyilPT29KSulLi2tIR+ZMyyjLyKZHiMhGRiZGBwdHSGhDwmJExOPJhuVH9hRJm0rGBgXJyKdHRuVLzy9GZeTJSWdGBCLDxCPIiejGR2dA0MDHh4XMC2nDs8PEM0LJGurJyWhHRqZMTq9FRCPLzW3GRQPLCurLy6rEAuJGpXROTi5EQ+PGRCPHmWjHRyZExOTIRWPCQeFFRKRHyGfBwSFDQiHGxQRExCRJSShIx+bKSWdIxeTFxJPIR6ZKyObEw1LLzCtKymjMTGxHR+fFxOPIxeRIRyVICCbFRWRLSehCwWHCQmLPTu9BwWHDQ2PJRyVJx6ZLy2vKS6vKSypGRCRLyCZLzm9KTGzJSOhIyinEwmJKRuVFpKNHBqVDQuJCH5BAAAAAAALAAAAAAbAB4ABwj/AF24ULNggaCDggouUMNFjUOHBhEiBAQIBC0X9xo1IqgwoUIOkygBgwWrBrAYIFKCqJiSlsuLqBCpMkOnJjATJm6OFOgiJY0ddkAVSzHvgJclXrzgYkQnp1Oc92hQKDZoQA0iWCss2eVlSwRfXnrQ4cOHTg0T+vThG1CzaShnzogkQLGrSocEuHx1IMLGBB164T7ZqGEWlgmsWPlsqYKCXYcWCeTsYkSPXiUsmUyh00fPRChGzsaMYcNna4cVXlpcg7fL2YMbmcJUekJNl65VoeE6I9uC67sOGl6c8OIgkBVFVmzoaGD7DTlUHsR4aICrSpXUR8qEENAhXaV2hsSR/8ixpgE5Rqh0iRHTw0uHDmRYsHIVxJr7NnrCYLAxJwmJPjg8MAomFUTQgi8wbOELM0yUIYE1u7DjiB546LBHErwIg8Y5JSiwjQxeHJAKLgn40oIccHzxxR/j6IGBA49g0gcBMvijwibbWCANDKm0UeJjclwjwS+ktBMLD5tQEUwOvBSBzhlXlLJEC20Y2MaBCfzyijV3iBLLEHhEcYw3aNQyTRI5yFKLFyUmkAAMB7ZwgQZOKCIPCkP0EkU2BNRiDCfeQJHEXXK8s0ULB7JzzRfEhOHIEgBcY0MeOcwxBy8YovFPC1vAAMMSS8DgCytGgOPoOyfs4k8+pMxQSwDeaP+jzC9VTOOLL1t00GkByWggjx7TpGFONXMcg4MxDLDQBQvKFFAFDAn89gE0CSTDChhNYDMCIYfY48odQRhjzAbGdDODs6A+dslvxCQiijBZHOGGNeZE48k35RijjDJdKOMFBB24AwEMbcjhihFRXJLMaV5UAUE8kWhhjBJdlNvNdV6gkICPUxSyyAnQHDHCH0ihgEIyFQvQTb8SWNcwDBFYE8kpU8TBxA8ZkNwBXQX0U043AuQrwS4oQNBVAiv0gcAPxGigARILe0G0ygL0088GykgAAAp2teDFLzP80o0GP8Sxz8KMVTOuMfmS2w0EJiO1ghS/xCEANyJ8kcwtIzBfhkK55fRTMdArEL1CB1VIUYYWcZShwRcIdKJBxit0w0I3PlwzgzLdmPYeElJ8UUY9ccBzizmdfCF1Acr8LG6+5UCwy+EdFCBBGt+8UoYxGjRzgh/r7PIPsyyUo8zlAQEAOw=="
Mummy,Neutral,3,7,7,3,5,30,5,7,270,300 Gold,"Undead, Curse","data:image/png;base64,R0lGODlhGwAeAPcAABENDJyCFHRIFHeJhFFPTLzCpJxKHGxqTDSKTKimhDEqHFNGNJSGVHBwbKyqZGRaLDo5NI6DbJBsTJWxrJRuFGAyFGyWhGRILJzO1IB2VJCUdCRCHKRqLLSmjHRSLIqinK7o9GpgTDEsJGxqYKGXhJSKbMSCLDkzJHB8bNhuDB4aFIxgFJKonF5NPIXY9GxmbGdhXHltXGxGHJiNhKS6rayWDNCaUIxqOJmTfNC2kGRTPKBcFCxWLJF9VF9OMsh4LJSehJaMfIp9bJyzpFxWTLSOXMSubExBNImejH55ZMr09CwmFHxyXJCGfF9BFHlmTEAuJEw2LOh+EJPf9GdVRI54ZHRuTFFLRG1bRLy2rJlyGTU0LIROJIGCb5GEdJS2vDw8LLx2NMTq7DAsLKymnFxaXERARHQ+FBwWDG+OhJzCxJKEZHxybKigdJ22rYCYlMHe4aSabMCsnKCYlJWLdLSeRJSupG9PJJ6ShOyWFGlaTZ7i83xaPMyOFJhUIHBIMGx+VISCZNTOvNyORMCSGFRSRNR2JOiEMMygELxmHEQuHFQ6FJC8xJyirMC2nLSyfKyyjOymDLjU2Eg8LHBmRKR2JIxSFFRSNLSujKyKJIRiNJdaJJRmPKR6RKTCtKSanIxaJNy6nNSufJyolIeZjGx8fNBuHKh8UOR6LLGhiYh+fCwmJLR2FHyGfLTCxLyOLOyODGBBJJRWLICQhMyiHKSafKy6pGR2cpxuJGRyZIByVCxCJMju9MSynIxiPNx+HFA2GIxKEKCVc8SaFLiefMyiPKS+vIx+YbRuGHFmXG9OMYR+ZGRiRFRCLMSmZKiWfMyyjKxqPLx2RJROJFFIPGRydHt5XKSYjI+ppJR+dFRZVKmNZEhAPCQkHIRCHJzGzLSqpLy+nJRiJKSinNS2fGhqVHqWjHRSNKSejIByZHBmVHxiRMx+JJeDXF1KNJTS3KBoNGpgVNRqFB0dHFxMRHluZGlHJJyOjJxeHMR2NIiglHVrVL7p9BcVFIR2dKyifCH5BAAAAAAALAAAAAAbAB4ABwj/APnx2zNligsXE1LIY/duCgiCeyIaPEhxipKLvATuKZFiCbAPBiFOwfCN0YSTJxnxuojRHIVg3bptUSMQDgZPtmgMwWZnQs8JIPiBWAlnSwAZl04s4eZpghs3NKL2tEPVDjZ+YuBIctWqG4ULPZgp6IaiCAs7H4bQYMGChs8PH75FjXpLxYo/7TJs6WYPmRc7b/SttePGVoFwGoa4UWwnV7cV9nQwA6Mg0bA6+t6QUjwEUo5Q0LqwcMNCn7403SoIOAFmDBRTneIgMddKWz8FYNQlANKq2q0B5oJDUBGsnwgRClhJAULq1rx+AABAnweowa1Ss0qlsVCuX4UlIrpp//Ejb9asmCq6rUKwYd6udA1KIWmlnZOlfk4Q9fnFJQmkFpOAssg8W/CwxRhj5HKMF6OMMkttnOzQhyhrVLFAAhqYwYEhPnATyD5XXEFNPVboQkwbceBQzwic6OKFCDC0Q44RIeTzAxVrtBNIBEmok8w+tRAjTAkZHEBEECQIkUQTwuTwCB3SoLKOMMTggcMy1sSDQgl0lBBBBDhsEUMH93jRAw7EJIDDKYZokoAcXiyjDjNXJCEEHXRE8MwzzcRQTwxVRFCLMDhEUMQh8DgShDXqhFBIIceU4MUaPYSxSRDHBAEDNU14waM1axwSzaIxlGpNEtbsQ4kvZ1RQQzHbeP+RzhHqWGNNBMdEMAg8TKiDRQjLJHEMFT7IwkUsyCzyAC02GOBBCCE8ocsTVNhQSQst6ECFtlRQcc4f9YQwAiGriHCHIrjooAMWOmDLQCYLuENFCz60q4c98QjiiDoOxDLJXgLw0a0O7izwBCItbKstu1jEog4JeICThBZjIKcAKD5gi60ykeihbrYZU9PCNdfMAcEnr0BxXDf4tIDFvD5cEEm2OiyQLRbNUJONEOlEEYMEO4wx1ibtEtzCH5EcYXPB2B6BQy8kJKOHI6nA440IZ2xCxa/ZugOLO9Qs7TI1mcbgBTpWNjGNAbIsoAwWL7MLizIa09sCCXJUkU4M8cRwQA89ZRDBTQxcLBC2O+7koXG97VbhxQhJVIFOOv6MM8MLVzizzxEnxIuFCerE0MIROuhBRTzxvMANPXo0MUMTZRCwQCzzKH1HFTOcQgcedesgxAgEBBFBFfWookoZ1FDhDuf93EDGJ1LcMwc9LlMfEAA7"
Nomad,Neutral,3,9,8,2,6,30,7,7,345,200 Gold,Sandwalker,"data:image/png;base64,R0lGODlhGwAeAPcAAAQFBpSGVGxCHOTCdExKXDQiDISalHxqLHwmFDxCPCUjJNSiXJzGzGxoXJSunFwQBISGdJ7j9AwSDHBQPDw0LJxyVKSOeJyyvBEVHEQ2HGRTPGBobMCylFxSLDUzNEwiBDAUBHzG5OnjxHRCHHxyTISSfIyilFxKPLyGVKSmfFxbVEwoJODWvFA0JkslFGxcQHF2b8S1pFNFM3lkSX5rVLGzoTEdECYNBi8tKricdOTm5JGppVpLM2Q+PBMUFGhxbIiUhMSmfGJhZJRmTGg0DI6EdsTw9F1TTDo7PK+jl1ROTLySXEYsFjwtHEtMS7zCvJWxrMDk7JR9Wd+1lF9OPFI7JHtwZIqcjBwMBLzCpKSUiB8cHIXY9HxELKxyNKyyjG5hVodbQXxuTGQyHHyCbCojHKSblGxWQkE7KT8UB+jm1LSijLTS1CgsNGhMNIyKdNTFrLzd4bR0RIwSDGRaRFwuDM++qUIcDhgaFHVxb7R+ZB4dJL97TCAkLOC6cGxuXFEbD8S+tMz19JwiFIlVL/j05NTW1LCKbKRmLNGZZ5yEZKScjIi+yNyujODMqHxOHMTOvMyWdFw8HGg8ILTLzHyOhHx+fKS5rFhVVcy6lNy7nIROLJReNKSLacSmjNGnbOTexGg+EKTCtERGTIxyZJBGJHFbTJySh7yWbBQOFJReTJyOhNTKtGQuDCQaDKyOXJhuSKRiPJPe9JzO1GxaNPTqzJSqnEAuKHx+dHxyXKyqlMTq7CETClk1F21pbVgmCJiUeLejgWBGNIxmTDwOBNyihEc9N1wuFNDGwKx9WZi8xHw6IISelJy2pKy6pPz67EwWBGRaTJy2rIBWPLiqjOTe1KxuTB8VFMSObLyajFxGJDYkFEVFRGhmZHiIfIxuXGBSRDE1PI+knFdJRF5bXEwiHLy2rHhsXHyWjKyWZFQ+LA4MDHxGNKSenJSMfLy+nHRKNNzOvMSOXFhORMSWfLyqnLvq9JiIXIyWnJWvpHBSRGRmdEokDDQSDOjkzODUxCH5BAAAAAAALAAAAAAbAB4ABwj/AO3Zk8VoB7ALIbjIWhihoayGEWRxmUiRiyBBRnDBUWMIX8SHCxnKmsWAERQo0vJBYWTESJxzMw54Adeypb0oUeKwEXXpUr4dO6CohCJQmYUYng6Z0UmpaTtxKKX1FCp0x097u4DUMEcvUidmYE100qMFyg5xzS6Js3UppThxDPKhURTj26EiVwxcqdEImztxO9ChtbVDWo0s74BB0bJmjSl9E7xdEccMkqZiuDbAcOLkh5ArXzJpCkZGDCo78TgsGVbJQT4TaqZk+6EAk69umJwoScGBxh9viQYscITsE4EShKUVmrIFCRInQpwg4YbDgwonEKz48ZNoCit5rypN/9bxDMw1bgkSKFCAA0ODcTicqIDB5xOKfywSyVuB7skzYOyFk8oW6+HQghVH4PAcDHMMYo0aSWDDyTXi1BJMHx60cQ0ee+AQDjddbCGMG25E88cHD6gCSifJtHBLNRzgMAoOEhCIwxHcUMBOC/Pkcc4bYPwCDTmsKJKMMYFwUIYCSKyDRx+1cYMEE5IoMc8+TnADBjStnFBPMm7AEUwZfTixBQAe+GCbE23csU4YViDSBg7jEENED99MYwoc+vjAjRMA+KDAFkLkgQk3NgAwiRBnYKIAOErYAIskYbAyAxbrlIEBABT4gIQvvgjBDQZ4YFEFEnm0AI4WJMBSgRQzpP/xADHrCOqBB074kocQc54jAxPluHGEMYsUMQQ9NFTBDzSYPvdcob44scctVJzQBSl7kIMDMKY00QIPd/DTyw0FGENObkIIgYmAxmgzwiaYbLECDmuAgYYkHWzzwTHrfPCIG+fsswE5SPSxzjKlEKFPO2AcQQULeTDxghS0TNLEFj5UQQgnm4ShzySEyMEHAjbMU8QZGpzgjxYZiCFFANrws4UHR6SxjDV8WCNHLKUAIowGGsjAwxl0gFIDBWJ0ks4Md9zgQRJ53KLKL8cAAgIWZcggTLUyUKGBPzW0nEMOATRhAw6nWLLBOT24MIYLNlDAwwlCn+BG0brgQEIQwdyOw8M2AKxDTh4xbCAEOTeM0805VDROBQ9U1KLLNhPToAgaNlwTKDfIWIGJN1uc4o47jfMA9Am1JOFKAR3wMMM2LkgAwDVOjDKzOZgsYkU0XINjCjgstONCGgUwUcUdY/CyOSZ9pJJmGSec4Xi1GtjhThVp9BJKKP3wAwIAZYQjXeB7KHCCBkdMQMUZ4JwQEAA7"
Sharpshooter,Neutral,4,12,10,8,10,15,9,4,585,400 Gold,"Ranged (32 shots), No Range and Obstacle penalty","data:image/png;base64,R0lGODlhGwAeAPcAAAQEBEx2VCc8LDRETJCuqGJZHGiKkBYfFD5cTGQ6ImWQhEZiZExyZBweLC49NIdzZGyatDRONGRiTHRWLEQqFOTOpJSSjFyCdEFmVCg2JGSanBwSDBggHElrZC9DNDRWNFw+NHyqxCcvLFR2dGySpDRSTDJNRB4oHBUVHISMjEFdXEA9REFjRDQwL7RyPCxGLGl1ZJCCaEdmXFRQUF9jdHxmPL/JzFRQHKSabEY+OHyjx3BsZFlLNLG6vDAoHHyGfFpaNOzexDw+HMyqjHCUjF9hZH+jtERMNCxERBwaHKSJVMTOzGRORA0OFVpYLFxaVDc8PGxuVDxiTpReLHCbpCwyPExOXEhKRISCdAwKBLCsnCIoLFprTCgYFCg2MFh+dB8nJFpeXIR2XG5zbKSOdGhMNMzPzDQgDD9bVGw+HExmZFx6bDdSPHRWRFw1HB4gJE9ubDRSRHyWjDQ2PFRuXKS6zHSWnIGjvEdKTlxYJFN1bJR7bGGGhAwaFExGNDZYRJSqvMikhJSinNSWXJx8TKBoPKxiRG5zVLyijJyztKSCbHxmXMzGtFRWXKSafHRiPHyelFQ6LFxiRExIKFxaREBALNyyjKSqrEQuJJSanNSiZHCOnGxzeWBSLGhsdHxuVHyWnKSyxHRmVHyWpDRWTFRWUIxuPLjCwISirJR+VHw+LEVEREhuTDw2LHCKhGReNLyylDwmFHheVDwyHElOUcS+vJh4VFxCJEwuHDxqPFxmbIyKfLSynEROLGSWhIhWMExWYLSKbLyadLSyrExWVGxWVFZpXIlhPHievDJMPBQUFC5FPCsvNA8TJHSFhFxaPEQ6JGiUlHSarDQiFISVlHxyXCxCLENiXDxeRFxGNFRCLBYaJGxuXExmbIyenDQ2NAoGDEwmHFqEfHSOrHRqRFxRJHBsbFxKPLS+xC4nJEhMPL/Q1ImFfA0MDKyqpFRqVFd7fGRMPNPS1IRqXDk2JJR2XERGTHSOhFReZCwiLDw6NJR2ZHyetCQeHFRqZDxGNCH5BAAAAAAALAAAAAAbAB4ABwj/ANfJG0hwoBl5AguaGcbuVBBeBNcllHeQorxT1Mb8SGHDhpkUFng9QKTF4pKDB3ssWUfAlRQ2Ak4c8AcJnUp3jBQpiujRxrpEgtYpyIUBTTJZTFp0E5eIgDcizo4NG7gkUZ07gFDBQcYKwwIV9fY8iIREnAY71EBJC3sy1J1NRnT42irlGjY9sPbIAgHlCzK0BpCxO4bMyB0d4jbdMYCGxIhrf2BUGEImngMZRIj4gjvq1zhkOr6wuCaugwoIAdCQMhFoCJMESOD4UuAMGQkSx+Dp0KEGAQI410x8YUWKVLJAwZjcEoBGgZ1oyEZseiBBGpU/CLBhSJYMchwTHuZ9/zrnI0MEPfB+KOjA50EbBQo8xEHwhw0CNCzYmEi2p5iXExwsg4Ye4vCBRgcwTCDOBX+QUoIJT8BQxD8RrOaBBA6c0IcXHXSjADykXLPDL2PIYAIpf/zBDjvmhPHNH/t5IAIYHIChCxzdLEAKGl9MgQYaJZDyAhNYwHDFLlWYYMIyDmyxBQdbLDCCHnQUd00ZUKARBxtbjDHGE6tgsUIVDiwjAjNbNLDFgOLAo5oKl7SgggkO5IDFA1esYs4MK2TghRdbiOCkCmjIoAIpC+jRQwukxHECFOzwycwOpViRzwFgpLlNFfgsAIcaKlwDRyarDIBGOwDksAoU6cywij35oP/QxDYoNLNNGO/IYMyu7zhiDhTYAIBqPpgwk04SUCjTRBM12NpEETDAYI4eO+CgRBj6CNAEAMK6sQEATaAgKwotNBAuN4dEccghMRBCSDXfZArAGWkkcAYAyjCDQhLbMGMuEnRwITAXStiSwyG2gOEJM+HUS4GwHKDATBM8NIMCHpU8A8QzqWRjyhFcYCNoC12k4cY0ACSxBR75NGExM2G0Aw0Qr2gyyMxOACEAHjQk4YYbWbTDDJ/t9BNJE+Ak0QgnLfTyyTE5vwJEHMq8AY4buADwxjfKttOEMuA00Uq+nKyCJj15OOEEGwd4sg0usQiLBxRgpENJDiD0c8QNQhyDsMUKKPSTBxBAsCFCC29Q8G3V/WyDST9lpNNOBgXkkQcPYHQxiTaTTJLMH2DQ0MUn+b6hDKrZ5AMOACcUUIATwqRSxg03FFAOG39woMs2raBgOqqpMvOGsOUU8IgLhkCTRwGTlKMOKR6s0kg7YNCCDx6yqgMMFKj60EknhRQyi+2WBwQAOw=="
Troll,Neutral,5,14,7,10,15,40,7,3,1024,500 Gold,Regeneration,"data:image/png;base64,R0lGODlhGwAeAPcAABwSBJSJJCxOHERSTH6YjDxsLITKzJSHVIRKJKymbHFuT0wyDLCyjHSKdF1MNJh2UIA2MJiJdGhybEg8LJy2tHxuIZzO1GReNKynjzxaJK3o9J6XdIR8TMC0jFA+FHQWDJSmjJxaTHhcHExSPIRqNLCadGxOFGyWhGtkTKmXZHl/bNy8dLzW3FxSJFx0ZIiIdJF8JFxCFJSGZLSofLzCpKRaRCQeDoeejGw+LIXY9KxiHJqzpFxNRMr09HpiHGdpXDxyPKGfdMy+jKQeFJOtpFlSRGxUFEA0HGxaHH97XIyPdHxKNF1MPE9DLFxmNMjq7GQqHG9qVHB+fHdwXLCwfCQeHJPf9LC4pHREKJePdGh6fKDCuExDJLSehJSCJIqinKSMRHRqJKCQXGtbRIh8PLSidG9lVIqBbKS6rIeCZHh2XIR2VJSAYHR6bIh2JMCqnKSWhLy2nJKonGRUNHyIhGxCJKySZIqglJq0rHRlLFwuHGljJMru9KTe7LSOHGxZTKyGXNjMrFwOFMRuXIRmTLR2POzi1GxqPKROOEQmHJxENJzGzLTS1GwbHKxmTDgYFHRWIMSydHB0LExSLMG7nJC8xIwmJEBmJHSIhIzS5My2hJRuLJxuXIZvRKyibIichGw6HOTWrJw4MJSehICQhMyyfGhrNJRqXJRSRLTCxFxWJJyCRHxORFRGPHxCNJyShNy6nLSynKyulIyCVFRGFFxGNEw6JEQqHIRyTHh2bJBsINC0kIxeJGdOJNTGqHkpJJTW3L7e4mBGFiwmEMx2ZHByQDQmHGyOhFReJGdURIyGLISalJSGXHROLGSOfJmXfJenlLSdfGJNHH+HfIR+LJCIbKymhHxjJJSefIN7ZL3p9FAkJGQeJJxoVKS+tGZeTHQeDFRSVLSmdGlePIyCLKyifHR2ZExGHEYzFGR1dEg+NLy0lFRCHHReJKyabHx+dFhQLGBAHGhANJGurGlUHEA0JGZcJHROPFRGNHRyZLCwhJmSfIyCdGNTPJ7i9IBwVCH5BAAAAAAALAAAAAAbAB4ABwj/ALVp82fFSo6DOTJlsuKvYUOGBhEetNKjIh+B/jT0cQHEQEGIfSwYqDSPwg488yrxqciSD58tAgpkoBOsJqMtaNDMI0JkJxE8GjRoc/kkGIsGBS6lETaCAh48OdHsIDLVp7aiLFJ5w3NiErJLeZAIU7Hzyw40X+SgwbPjy5dFUdEQuUOgkI499uCdQ/GFyLI7cn9eobHuGZ4rbOcRuHMnDS8T1w5Jw3XnCwECOzIz2AVrl4o7eObeILCMwCcgvWhVcEMCxOjFsqjoo8Rg1It06TCRKn3iRxNcs+yZQOECxOVP+mYHirMvi4R0WkhJOXbC2YQxY3BVoMVlwB1ZGGYE/xHiKxAGFSokSJByg066YygesDHVgh46CTc6dKCSZVosBpQoMYU5bbDBDzTQkDLNOHaIQUYF7RhxRBbYUBFJENW8EE0W2ZijxhQKrBFNGUG80kkZB5hCDQxIxDBHJCuskIAMMzCTRjXZmPFDFM9EU4IMKHQyAwemSOKFH0YII04p4qRQgjvRvLJPGmqYcUYEGVajwAEzFGNKMT74IM041pSTRTVZWPMGPzl+w4M5aUSQRRprMCPOBcWA4UYF9LDzypnZZMFcNih8008R2VQTQTYR/ODOLFw4QU0AAXgBST/ZJHElBrkoMMUUapiThAIoEDKGAyl0go8pylAaAAwxTP+RjRrdGPIGG9+kkc0ZyfTTDwoojHDAHon0sgoYlHoRgzTyoHLPPZxw0ms/yVSbDHbfXBNAL3VgsYkXr/YCxRCDiOKKA8kwwUQ/TPxR7R9joACPFz6oskcvCFyDBBQfIEIMOIiMMe0Y/QisLnY8eGCCNF6YgkAdiTTCDQSKiCLKKUzMwa66reBTSz8d22CCD3mEcQEOjfxiiSXcbLNNDf3gs+4YTeDjMRPpGmODNJBAYkQ8EPwiiA3qTFBFCOrKzITH6Xa8tA0LQCICOo4s8QgAPKjDhDyE1OLA1zRPwAS6fzDBQz3D0OLDNXWYYcMwTOTSzxTqrusAE62om24ttYxco0kJD5AACTvhMCFNE2PUPbavSy/dCrv4JBNNKDRwcMEY9Zxjjz1l48xEE8m42266iTd+RN5FfINOO3nAI/bGdffDA7U8WBszOiZ4wIQtIujSTsw4V8vEGDwwERAAOw=="
Gold Golem,Neutral,5,11,12,8,10,50,5,3,600,500 Gold,"Unliving, Spell Damage Resistance +85%","data:image/png;base64,R0lGODlhGwAeAPcAADQeFLyOJHxYJIadlFxaVOzWlBQaTGw6DJyQZIdzTOS6XKxyHHQ+JLySXNFuD7y2lGlybE89LGNWPJzO1FhKLHpmRKzo9MCoZGqQhKp9THxXN6e9tKGrlCwmNFRWbFtMPHRpTJx+VIeEbMm3nJSSfEQ+PG5fPJWxrMTa1Hh0XEQuFLKXdLSsfPTq1LyqlLKyiIxyLGx8fIOcjG9pXDwxJHRELFJDLMnz9ODIlGtYRIXY9GlSNJOtpGRQPIxmJPTmtFA8JJCWdKyaZHeWjJxmNGVLLIRgNGpfTHx2bMjq7NSkZLiGUIxqTHyGfJR2XNS2fKSCPGBGLFRCIIyilJx6VMiWZKC4rHyOfFw2NIB6YpLe9IxaHDRCXJxyTHhMJHJXNJC8xFtSQMi8rKSafG5gRNSkfLl1NE42JHxgROSuTOTVv5SPdIxmRDQ2PHRuTFlGPLzZ3lA2HJqypMnu9NDAjLSORKyUbHR6bLKidGiWhMR+TJarnHFpVISCZNS4lLSehD82JBwufOzOdHRGTGxufPz67NRyDNSSTKhGDKhoJLSePExOTODQrHpSLtjErIx6RLTCxCQmLLTa3OC4bLyKXLzCpLyCHJxOJOSuZFxSVOyeROzezNCeYOSufKymjKRsPIyejPjsxJTGzIxSPKyytIR+hI+Wf0RCRJRqLMSOVMy1jMSqdOR6DMzKrHxeLK+CVDkuN7qeenxuYKRuLIR+bLSKRIRSIG1ZTLTQ0KSWbHdhTGlFHKCmmLG3pODAhKF2QSwmHGRCFLmyl4xuTJBuQL/e4by+nIRuRIyKbJ3i9JRiRMSmdJyBZHBYLK+RZGR1dFRKRIyAXKSOhDQ6RHR1ZEIxHOTm3EQuLIRkLIRiPL/p9NSmbHiIhIxYJJSehKTGzNS2dKTCtHRKLNSWbFRGRKyKZKRuNHx+dPTanKSPbId2VFtLNFRFNGRSRPjqvGdNNGxiVIRmVFxFNI2knH+RhJp2VG9ZPDg0RNy6nFBQVJ+XdKy6rLy6nHR2bFw+LIRqRCH5BAAAAAAALAAAAAAbAB4ABwj/ALVpS5ZMi46DOrQoTGaBoEODCBHemDhHIEOCCg0WVDhBFBgeJ0KeADNnoskbc0qmnFNMkiRc4axYOcEDJMgTFixoS5kEjk9ccEit0fDFngkQJPbRlGOTh7YkxeBA2mBlgNUNvKLBW+Bq1y4p++btmSlnyrxvVGXyGDBExoA91mINCuBBk7MIpmpa6VXJWJATctTKmGJ13gAOQhrN4mNGgA0ecuS88IPPhYh5vXi4HdJ2jxwZv37FqSdmUh12MjiwmPzCW5Nnz7hxnr2HB7VMIKo9sBOrUZHV/Fr1MoUMAmx6MYZgyJOHLRFFieKo84OnEQMEdBwx8nTnXD8IMUBx/3uGofyVLB8InQHSY8SratdkcRAmLEgKalmiNeHFgV4TCOpU0IwPj5yBxhfqwADALQgGkUsWWaQAgRvqxIJHLiK80kAW2GxxSSNqxFJEAge8EcEKGfQhQhZ8zMDHGLGkQ0wRGfiyCTjs3GMCAhes888u+SAhiAL1kCBCCkeIIII6XXDiRjU07LBJEFy84cAprliCCDlfbIPJL1mAQAA01KhjRDacrEIDMDao0coiBrASCCxFINKNF0yM8wkZt0gQBh+/6GELIIBAkwMN77QgRilp5BALM7VgsgUyztgDQgopZFEBFRqcwY4ELlIAxAqFFFLAIY6go8QSUhihRgMV9P+RBS2q0HEMGWTokoMEEVBgAx6M+FIFHp1UYU81QDwQSggf5NAODizUQ0YOR0ggwTo2vBPBOkzk0EMOh7JjQw+qpFJEDx8c4SyuR7D7Drb6uLDKMlQAEUEP7ETBRD1GWOvsB83mEPA6bNhwDBq3eFvNB+3ksI4JelSRDcBvsPNGD/KwAy4QFLDDTg/lMBNBNeu88QGvJlDyyhc2eMwOwz30UIQKaOxAxgqyMBMFIDF7vM4ZO9hBBDvytIMuO+180FUENpPhxDpAxCGPyR8Qrc4anEQQwQfrtJP0OrNAgU0jp2RCwD1niGNtzB/EbEc5APfwtTw12MLGK+aUAMs9HTRS8gm66HItQQ/2vGzx0UCYI4sZDBjiwOOJvDMuwx/Y0E7CH9yStLdVK/EDDm90AMs1WJCxTCMaxx130l6D284OT7hThjKNeFEDFtK4Y0bX//4bEAA7"
Diamond Golem,Neutral,6,13,12,10,14,60,5,2,775,750 Gold,"Unliving, Spell Damage Resistance +95%","data:image/png;base64,R0lGODlhGwAeAPcAABwiRGiUhNjMrGxbRGySvFBklLCufHh4XKjK4JSuvKfm9HySlHCCnGh6fCxClHCw1Nzm7E9ALFxebLnN5FB8vJWvpJeVdGCUzDw+bJyy1JyGXF5ONL/e4XRuTKSinHR4bPD4/KzC1FSGpGiGhLy8nKiicIimxKS/tIqjlMLy9ERevFxaXNzu9GJSRGyJvLSynKCUhKvB5IyctMy+jMjq7FRwiLzW3HSi1IB4bGCGsISGfKyyjI3c9IeeiXJkTIywzFRKR2RqbMHb7CxGvKyabJCqpMzq/IWAbGRulFdHNHCKjGyKzMju9GyOtM3i9Ih+Ypy2q3yezHdvXJSqnOzx9GpWRci0jKTc9IR/dHyShHCTxGyWpFR6tHR/fJSu7KCcdKG35HSOhIyjnLXG5MHo9LfT7HBwbGRaVIyx3Nzo9JWxrIyHbGNWPPn+/LzG1HyIfIy+xFR0tHCJrNTc7Cw2aJzO1GhbTExipH55ZKyxubfN7MSqnLzCpKyojGRSTKS6rHycxERWlJzO7DRUwDhEfKe1zJyizCwuTGR2rERyzCxI0IGKoaGnlDQ6fDxSqLTCxExefLSofIyYpEx6zIyOjGRqfLjK0EhIZGxmXJSehJS6xEBkzGx6jLiefISe3Iyi3IByVLy2lGCOzFyCtITW9ISclNy6nGRmfJy2tFiCwKzG1Ky6pJSOfGRydIGajISStJiovLSyjGx+rNTGrExqnKC63IymjIyOdJTGzDRO1LTS1FxmdJTi9J3i9JS23HCO1MbU7HSWjHR2hHyy3GyS1GR2dN/x/Ky0pJSSjGxkVFxynHad1NS2lH6WjKS67HRydIym1KTGzIiWrDRKlGqOvHyq1JyOXExqpMzW5FRqdJzG3BQeTExinLCwhHF/pFRCNJSUfGFPPG9qVJyepDxixIScvIyKhKSulMTe9FpKPGSG1HRyZO7y/KSafIiIdLTE3HeJhHCKtMze9GhkZHyVvJyqxLiwlLTq9MTO5Jy03Pz6/Ky+3My6nKS+vJSilMz09CH5BAAAAAAALAAAAAAbAB4ABwj/AO8Z6cWLBykeCHn0UqhAAQ8FvCCSmkiRx7+LRu6RadhrYUGEva7wqIMLjho1UE7CMZIixcV/TJi0bMmEDBkOuk78+VOhSBE1FU7e08jkHw0OCEKoqpfAUj9UUKKuShm0Z08yR208OlFBBjoyIBI0E6PGpxgof8QUWQVUjJhoOndWWMDOmCAQ6JQUcVukFIpVU6b8WcWHhAU1x6LOHTEBBJl7V5qUmiymVJaoUHYwM2XliD8oU/z1aAbvgREyOUQRCubK1uhmKBgZ6MYsVqY3rVrBa7YgQDARw5w4c9KkmSsUrgK46taNhIBj4G6ZKdYgS4MwwQJsqRaD3bAazZr5/7PXx0CJGbME9MFx5IOZBj3gFRshyZKTX1ri1MimpI+Vbre484I9oVhwwDofPOEOI4x0AQsV7LCADgHXjKLFPvQ0YwARAbZjAR54HNgBKJ1gAcsY7OhjBAK1COHJJ07IM4cHX1jTiQZPrHFAMpiI0w4MhaTBTgZttGFEcDfEkEYZZKThzS1EdAIDOEfseIQ7eVCRRi1OgABMGlHooc4vZYBgRBppNEHJHlg8Ic4AQKxzhBtUjAENO8CUkcYNvhCzjDKF4NMYAvSYs6MdbLTwBAxzxOACIgigg04ZKlAgyjKO4CFFJdiAkAYsQUghxQEgFjIHPvK0kUZ+iVCwyRCOSP/wxKw45MHOO1EUgMMTR7AhiT76pPFOAcpMM8ggk5DjgA+g+DBAFS08g0Q+3ACRaAuLYLOPHJdsQ8c1XFywzCaNsBHOueEkkcQKMcgCRDjp2OHHLkH4YAcAdLjgAjQZ5ELIAPAmkc65dmCC6ABsDNDCwM8eosUYesQAhiIYDLzBuVUAHM4GbKTjcTrfDAyEBHqwA8IYXiiyy7MbCxyOuQIn/E0SM4fzjBwZpEFFDKLcsci5F59bczpJnBvBwPDOA0se2rgBSxTSBFKFHecS7bG6SWwwQARHp9OCMHIYIk0h0vzgDT1dPDuADy8jvTG8Ay/MSRpgLPEDNSYsUs44RCdRUUXVbwccTsjhMKAPGIhQ00Q89MhRCODwLhxBC3YsDG04dtAZQxPUiJIKPd7EMHASEfiNbjgtoI56C2dAoE8MWlBDTQ7lMIDAJV67fPnf6QQEADs="
Enchanter,Neutral,6,17,12,14,14,30,9,2,1210,750 Gold,"Ranged (32 shots), No Melee, Spellcaster","data:image/png;base64,R0lGODlhGwAeAPcAAAQEBIiCZNTGlBwod3yKpFFCLKiidFRWeXRmTHSFhJzGzElFVERWpI+qpJ/j9Cc7tLyLbIRyVGhwdGNTPKCWhLymfKi41Dk/dJqVdKS4pHSUhGxujBwmPLnJzGF7eYSGdOfn50tFR2ZlaZx2XImilCAkKKGmvG1WRYKElLy0lDRAmCIwllRUVHR0ZGxypJSwqLzY3IJ8dHxiVMfx9CxBx5C8xIySlK+xjJ+HX3SGxIXY9KyacIGFiWxuhF1LNGRdTCQyZMDI5BETF/TirCwzdJifpKSbd4yCdFBKRNS+jGBeZIF7ZKTCtFBYlHFrU2h2dFFSTERQdKymjDQyNJSutERezMjq7DxLscSqmLy2pIyehDw7RLTR0fj4+HJaRDxKpJ+xqX9+hNCYeIaMhGFqp2NTRJ6bnJmUfHFtbFxdXIyKbLCwgoTO7ERLZ3dyd+CiiG58eYeNmic4o3h+pIF7fJqJbKza7F5NPB4bHIiDbBwqiYCMuGdqdKTM1ExYtKSqtHx6XISSzLzCpKyy3GRqnLG2v4x+bNTGvCQsUERKhLychFQ8LDQ+iJicuCQsKCw0jJiWqNjMrHB2jC1G0MG7nLSOfMymjKS+tOTo9Kd2WS5ApGButNze5Ly+tDRGtKmvwYRsVISclLy2nKymhAwNDGyOhFBMVMzS5JKMdGhkXKemp7SynLiefGRORNTPzKySdLy+zDQuPMS+xKzCxFRGPG9vnGxqXCwuNHR6nNy6nLTq9GBedMyuhHyajJSqnDQ6ZJyqlMS+rNiqiHR+tFRSjERGjLy6zDQmJNC0kNTGrKyqfElerJyajOzu7DxGnERSrPz+/NGed4ya1JR+XMz29JLe9ERSpGx2tMjIzJzC1Hd0XKG4rHqWjHyHfI2knFBUXG90bJSVnKSulDQ2bFRabHh8bKSklL/p9IebjEQ+TGxcTIyNjJze9BweJKTO3Jy25MTCxEw6NIRuXMTe3HB2hFRelIyKrEpKTHR2fFRGNGxkVExarCk+vGxyfKSSjCQqRCH5BAAAAAAALAAAAAAbAB4ABwj/AHWdc+CAnQ4dbHRUW0jQThGCDqodnKiQGrUZM86dc9eH4EKJ2eIU7KOgxgsqGV68qIGx5YwOClzOsPKJWx8mGS69aKCypy6BGK2oogKDS58ORb5Nuedrm9OdPRs0OGdlHoxZl4okCOUtVAtSeISQcvQkwzZvTcG8IOFNwSWn216sS8ANXa8SpEqEMHWHBYltvhpsyyCIEoYXg9WiQ4GPKwk8AEpsMSVmCTezGW4kyYUlj7cMDUig45aADw9fcEgJubfAUqUx3EiIU7aG0g0tHyQ8ocuNWz8+wKcAwINHwJAkN3qtqR0pwxlU4J540ACHWykPwJUIaRdvkRcc8uoo/zOQRFAkKeXKgZMAB123J9f77WrD4dYWeSeOvVKDoduqFCmgok0L5UzzgTnAjNGNB+RcoAcjZrAQCy8ysACOGmp8YAQGSyyhjTagRFCBAUacccAADyzTCArgpBGCGyGggQoOFeAQQB5LOJGKE2ew8kod9+ixAg2FXKPHHk+EwUIRSPDwyg6sUHCGh/rkUQcqauQBhB40LNMMCMusQIAZaISxThoUjILFETn+gEQLeRyBSguPcGkPNEHksAIZndiQxjpQMCOKP9og8MMEZSxRhxoBELPCA558go00ywwwCQiypEEHCzGcAYgT2sgDSAuAgIIAAkAMyQAufsjxhR6acP/iSpkSyKCNDOqoE8ASAUyAqDpNcEmIC3roIUcT/YQjSyNKtLHAHXcgimgZZZxwgjrGaDIJMXKo8MwFqaChiioo2PILEfn4MMEd6tKiThmtlMGIHDTowY81g6AATzNdNPOJCPTsk04ZvnrhxQRelHFHOgPIMckKclzjxwWugNDMKXGIIAkmUZzA7gk+QEtLPgzTMAkhKwiphxKWuGJBHEpsAEIW+UyQLsIF5JPPFgOYbI8zKjdhixmD/JEGCocI4wW0+USrcxlIjPMAP3MQosI7zpCBxD1/hJNGOCF4AQEO7PrgxSIFjKzKIFUQ0oMngQQxxi0imBHGN2aEcAIEmUx4wy60d7QyQRSB8HOFBJ/480YmENCxCQqS8MDCHV5kkomvdzStMyIrTHKFOXPUEs0b0cRwgAkmjAPFHWV44UMZ79JyQit3IMKlJ8EksgkE0ShyxiN/YDMACwoDTrvg1P7jsCedIGINPdGIsUsxjbiiginVKnzCugEBADs="
Faerie Dragon,Neutral,7,20,20,20,30,500,15,1,19580,10000 Gold 8 Gem,"Flying, Dragon, Spellcaster, Magic Mirror","data:image/png;base64,R0lGODlhGwAeAPcAABwOCdSeFEROlHBKEJyIhFhMSOTGDJSGTHdsRKymXGAuHNjCiI+Jb3hsXIBCMKyoiD4xPGhoLGpbSZuYb5StrJxKJKmYTDAdJIx8SltMM4F7XLyoiFM/P2ReYJzGzLKkb0w+HImHXFxaNIxsSKCNcLqdb1goMM24cVxWaJGpoaRaRDooLezixEAxMpR6ZHpRTlA0PXxQOJKQYpCYiGJUPEROtHZzSWtlSpiYfHh8bMymDJGQb5xuZLerdGAwNFhUROS+XJR+JExGTCgaHHd0Xpx6RMy5h5+1oWhweIxmJKaebjEiJ15NPJBkXp/j9FI3MoSWlIx2fIy+yIN8VIeCYGZAQp+GX2xlVHZ0bMvz9GhOVKyLUXFrVLzCpEI2QamZbpyYYIbX9KykfFNANCwmPFI6QJy2rGhMMmdbPKiOfEYqMFAyNKCPYaiWiHlmSYySfOjOcKyONIRaHGlMSdS6VK+ziYF8ZGpmYI6HZIp1RrSbfLy0MMy4mHB8fLvq8xwQGISKnPzmBJdDR5RcHMzWvMTCNNi4FNyiULyypLy+fOy6RLza1NySNCxG0FxSHMyuZMRiJOTQhMiuJHhwPMevkaRyNKDCuIxmRLiYOJSyvIiQiJSinKQ6NLyaZEQWHHxmPNymlMSqfJRoNJyqlIB2NFA4IIyCdLRCRHlVIayytMm3fJ+CbNy8mNzEeJySVGQ4MHyGfJx6VNzGlNC2ZJxiLPjwDMSYTNi+bGhANIBoMIRuVMisbLSylGRibIx2VFxiNDEiF6i6oGxiJHyCdNzKLHRubHp0VLyWRMymfKSefISCbJTe9GxiPJWyrYyCTFlGPJzO1KiScJWuo6BaVHxWVJSeh6iSTKyeiKSORLy+nCcWF9yqVKxmJNySRD8eJ3xcXMCmdGBAHnBeMGwmLDocGrS0oH9+dJyShGQ6HLSuhJRSLGR2dKS+tOzWbHySlDROzJSCXEAiJFRGNKRmTKyYfIh+bLRqZGdVRGFFTLR+RI9+VKCAdJSKfJKHVHZtTEEyRCH5BAAAAAAALAAAAAAbAB4ABwj/AP34cdIMDwcwndpZoWPJiUN3Hhwuk7IqjMUwy7JoLCfjiwYrkXbZqlMOY6ZMy6B5aAKlmZlmFKT40VjNxg8rIT6oGlGHHiE/qTaxO3KOBwVpR5tJE+inzhdjSj64KYEhUa9KFIphMYNnmqYUSimkoCBwETwiIvRhaPUhg4U7Jjp0QDLjzJwUKY5Ik7Zpk4eh1qb4u7dggaotpdS0WFPm2Y0q5vB20NQl24RmR47om6BBBglWVj45urCETBkYF4QU8CJkhR4+lJRtOpJCn+AvV9K4AAHggghsc7TA8Lbkn2LY1YatWwfLjYYbXE70ACJpBABJjQRQKwOhyj9v5oK9/9mBZV2fNxoYSNCw44QiTH8GgHmXYA4EL1WYoLh2zZw5LFj0McMIxlxxww6t7CLKOIPsUUggZ7QAAy7ENALIDkQQkQMGM4wSDRET3CBGOtYMcAonARigwxMQQGBILTUgYUeGREwxQTJs4KHBFURoUIQ209gjyBpq/APBBS/ukQMDdlxxBwPJlBDNFDLYwQURnwCzhiCCVFHGPy0sQc4gNLTxBhVEXOECFtcwQAUVMmggjwUAeKPFCl7et8IfVRCgjJUSFKBBA3qsgsdmVIhgwR/eRMEBBP+U4UULQ+DDz44S0PDDDRpEA84H/uAxgQ0YDHGBCSx8KcoWZeBSABFXNv+gARHw7BDJLD18cEMPN9BwgRretKGCFlVQg4IDHHAhgQR2uFDPDVSkA8cXJ7ABpwZLwKDAGJQgU8Y3+KwwxjM03ENDuSHcMIEeJ9DzxQRThEAODK+g8oQs87zwjRoZZEADE0z8i4c/H4RihBFfKNGPDC2YUEY44UhQASgkAHyPuTRkaoMNGoSCTAkfkNAPAkzEU0a9pXjiwxgZ/3vuGUzcYAMVbbALBwmu5HFAtv+gQgs6AIwB8Llj+CvBDzYYw4ARsugBTgn9nCHMCkaiMkI42sgzhjwAc81EEAhowMUOJHwxSydWYPALMBC08EoSVqAyBNfycH2GBNZMMsUURNiPQUko4KwSyycRaFkFLYccgs4a/gKcARMPWEPKCFRgMQE/0fCxDwYRZLACDFVwc0Il5Ajt778EHEMKBnng8YWOJVgRg85LlPGCA4zcos4KTIxxjwT3bEBPCGiMMAkGpLjBxSOxMDGJGjA08UI3cNiiDcDYI7IPJpn+joY44tzwQQxxZNvEHJAcks+2TFzMREAAOw=="
Rust Dragon,Neutral,7,30,30,50,50,750,17,1,26433,15000 Gold 14 Sulfur,"Flying, Dragon, Acid breath","data:image/png;base64,R0lGODlhGwAeAPcAABQLBGSgPHhGFGxZTER+HGwOBIxGFEkrDGSCjIRHNHRuTFpHLEAwLIhaHKS+tGdWPImDZJxwVDMcBF89FFRJPGdxbG82DJlnJGyWhLh4JKRWHIpJJMQyJDQqHGw7LJSklDcjHLCCaEw8LMTe3KRmPG9HPH96XDweCJReHFo8LMRaTFctDIg8FHmFfISqtEQWBGxILGJPPKJQJMSylFxWFHR+bMhoJPSoGm9jTKxOHHhwXJRYLMnw9CMTBHlRHCwiDHRAFGRCPIhQHJlXHGpXRKx4ZKRZJ1pCLIxaQYfV7FI7JItQJJSipGyOhI9xXHVHJEQyDHyVjCcbFKxwNFguHIw8LFxONKeWcax2PJff9LRtPEEkDFwyDGFRRGxmYFdINJx+VJxnNHQ6NLislJmKao99XHROLIx+bCQWFKZhJKSafMTq7MyEJD8sFIyKdC0dDGRCFFxKPHx2bEhCPHlRPFk+NGx8fPTGHCUVDG8/HJhXJHxaRKTW5JBQLJyWlIQmJIpIHIxmROySJKAODJu1rJxpVLTCxMR6TLRaNLRyNEQWFIRYTNR3J2waFPSwHFw2LJhSNLzKvLRgHEwyHHiMjFQOBHxmTJx+dKRyRISdkYKQhJSupKigdGw6HEwaFIxeLHSuxMx6XHxePEReDJaMdPSqJGRCJKzm9FxeVGR2dGxCJJiqmExCLLRiVIxCFHyKhHRqVHh2YFw2IaxyPIyejNR+JHRaNLxaFLmegbzY4KR2XITa9JB2YKQWFKxiPMz29GxeRL92RIRmXOyaIKS6rEwuHJhQHBQMDHhHHH9vVIiCbF88HGRydHA5FKFpLIxKLJSknDQlJEA6NJRgJHSGhJxSLLxmLGRmVHxyZJx2bGQyJLRuRF00FHFPNK5gLLrq9GxSRKTGzJBOPEQ2LHBCNMxyNJxmRDQWDFZCNHhCLIxCHIlYJExKRGxKRIR+ZFQuFIQ+HG5HNHB8dDAkFITW9Eg0FDwkFJB8ZGBGRKRqXMB+VKxePEQzJIRqVIyqrHxWPCH5BAAAAAAALAAAAAAbAB4ABwj/AL99y0JwF70k+ZC00QOpBIJLRSog8DcDVJKLNTr9+sWDh8BTfPCRMzbFm6t2+fB5EYargr8KUfxFSdGxZkc/zYDk8DZNA7lO47KFCEKtAoUmLT6wOyWwY6RccjqxkAFIiJB1QhpG49dC2hwvqJjo+LZmRC5DMzR1yyNjiQ89DXZoQYYGTTR2DKRRkJfpWjhigImN6adKj4YN6oQs8SYEzTEAIGLUHVehC7tNhIgR2qSp0BJraYw427Ch8eMOV+b16IGnAwh20AitypQpipNpU2xY02Js2gE89vboUnLihIQ3b/DMSZWKWpTn8hDp03dI3YUlVBYVIvdmy5Y2UNr8/3jTg5k8TXaiYIjlqxyjYIp3wLOHp4dx7/XCH3jDzA4taqk0QYceRuSwTRh6PLHFanhIIIE9B7SxzDL1bFGGGx+M8Yo8TywhAyLmLIMMN7KkoERyyH1XzwQTcKNAMrhwwgkYz2zgDQkrrBBGCfHUIUIHPTj4xg8HTJCHALCoocYVZYSxxDTmUPGCK3kc0AMAeLTRxhsObvGOD2DW4AYZpJiASRp9qBLAKJ3s14M0V5ChjAnz5DgBMg00gI0ybpDijihpNENAADSoksIj86BDBhnukNIFFxYsA6YP7iyqTBmfOGMBC0NM80QJi+gSwj0mQADBGUAMwc0yeSxhQjI4AP9jxjSAsGABN/b0cA4VHTxQqg6xJGMKCgZw4wMQRMQQAwzrCHDrO/RV4kk6IsCiABFEDBDDEZLYAAgyrhDxAAxAAMENN8XsEYciBWgjzhcxsLKAFV98wW0txggwhLZC3OLKO8XwwssDjQyiDRIxfDHJAvDG8MA0gqQxzSxE2ILMEM2IgQ62cfwxCAzpoMNPNzF00UWyTwzDiDNYUGDKEu9IE4ET2MYASS900JHCHjHQS0G8SzgiyBSzoIOOCOj8jI0OMVDACwfxeBBPvcrGgI4S09xxwyFYHBGHshR8EcfJRESgQhXaxIFD1WKLMMQdpQRzgQisfH1yHBTUgU4goSR1wA8RwAA+wAMxiICCIzdMMc3PysYRR71fgINEKwl8HfYXyW4rxA03MDKN2OhYjs4CMQzwTBUJPJD51zE8PgEbN9SyThwDdBFDso873A0kHtgu9hciYB7DMtOwkYEetpuMLTglP0CHDI80XPIXPw+gRB4XHB8QADs="
Crystal Dragon,Neutral,7,40,40,60,75,800,16,1,39338,20000 Gold 10 Crystal,"Dragon, Crystal generation, Resistance +20%, Unliving","data:image/png;base64,R0lGODlhGwAeAPcAAFgKDLx+FFdINFwqHIySjKwODFRKRFgaFG5pVKQqJIkODIR/ZKTCtKymbKyWZFNBNHRyZJOtpKRGDKweHKRKRHESHIcRHHgqHMCCXHwOBGxcRNYSFIwaFInc9JwyNIxKJLxmRJy2tHx+dGNTPHh1XKAODMSqnHxaXLSyfJx0ZHQ2JLAYHJyOXJqSfHQUDMQyNGBONHBiRLze5FQ2JLyWjKG4rIQkJGgmJJRuTIcWFHl5ZFgUDLQSHKTO3LSidJxeFKQ+NL8QFIkPFHyCbMSebHw2NJSypJ4VHHgsJHxaRO4WHJvi9GxGNIRSRLQ6LOgeJJRyXJwWDFoNFIyilHwaDHRuVJiWdJRiRIQWHHAOFGldTNkWHHx6XHIUFIx6dLymdFxKPFwyJMQqLKSqpLRSLLQiLJgaHJeOdGxVPIR0XJ4PFHg4LEw+LJ8fJIZ6ZJQOFIqGbGQuHK8PFFRSRJTGzGxCNJGurMQmHGwWJJQSHLSCdJfe9Lg0NLS2vNSydJCKbLSefMSiRKxaPITS7KRWJMRqJNyqXLx6TMTs9MigjLy4nKyanIRCPJzO1IRGPKQ+RMw6PNx+JJC8xJQyLGwiHNy8dLSenIxmXLzm9LSOfIxwZJQ2HKymhLw+PIw6RKhUPLwyHJyGXKxSTIwyFJR6bKRqFLTCxJxfVIRSVMSubNSKXJxCLKSedJyalHyGdGxiVIQyLLROTLw6PJw6PLTW3KS+vKx6ZMAaHNkvNI2AbKiYdNcrLGdVRKCMbLTS1LxCRHAMDKSUhFg6LJQiLGQWFKikfHAeFLymfITW9LAmHI9uXGQ+LGQaHLRGFFxOPHQmLLSedFQuJGxmXIkbHHR4bJxCPHwuLHReTGRKPI2knGgsJMwiJMSilIw6JGQODKyabHwSHIyCdNSunIQ6JJQmJKTk9IROTOQWHHwUFMyqdGw+PJTW7HwODGQ2LGxybJxKTG5iTJWyrHhuXMyyfIxCRJQODIQqHOQSFHQmJJwWFJQWHHwOFHyGfGxiXGROPFwODCH5BAAAAAAALAAAAAAbAB4ABwj/AB/F2gBMjRxUyDp02LNnSblye8o5VIisYsUOJd79UiKnnhpPPfasY9jBIcNGdGrZiRfPiB1JbVYs+rVFzpsS9Gi1MoUIESZavhjUqBEhwkqj8cgFmdXnBS45XfYxGvNoUa0Q8YYOdVm0a5Bzaqyh2/LiSJYKNw6oQZWtaDYjNbJlq9Eqglxzcjbw2AcgDx8h04bZ6MLjRj8C/Ph5OaEOFgVSiqxU2Cfn3rk3NrAkKLNrFy41agB0IYanAjjTHib1EvHmzb4395Sc49FGyj9g0yaAViPEdB4hFsBZUOHKQmvjanZt2KJGioIAgUoBqPBGiJDqWUBd+ePO9b59xvOc/7v1usuPTVmqX8+TzwkZIi2GuJOjIIOCEnKCbJMl5neW/xYUcAcQqmBgSCq9kKADNW/Uo0CDrp22jxAAZHHdHZ+kows0rvhghRtckABBCa3VA2EFxpUgxD7gdONHJZU0wMIxocABhw4ISKNGCWpA+EYBBskBjhQAfILCPF84oMs3gATTwgIkvFKAHDtWZwM+z+RggXU7TFNMMWfAcQYnJnixAAJaGCAHkGpgwcgll2jSRBdbdkFFCmf0ssAZirSgAzxajDAHiULc4EYubrRgxQIP7CBEF6OMkwYXueTSAgkkyENCGjqsKUQdGmih6QLwGMDGATxMIAEOC0yaBgK8aP+xgA4LTAnMCBrAowEaWsSAhga8cKDGKoV8wAsvzoCBxhwjHCuHHMZoECoazTrjDBq8MJFPHvZEQsgDAggwgjMwJLsBOJRokWsMMUh7LC8jMBHEBDY0c8ixaGC76wZyuCAAsGBI648zIwgAhj/tFIAOCILwgoYz/jwsgBJBKNCOP2AI8O4I4wqAxho5yIEOBklQG+6vstUzADa8DDzwCHVcgEU++ahxhBr5CMEGNhkPbFkJlITrDDZz6DsCtvBYy4Y2B0STscEabKDEGwqAwQs2AjygNRjWuisttc4I4M8IMPgTxAZClBDG0xobjG2y4WpALj6wKJOCJhoEEYRBWbBJAa4zxwKO7QgY+7PGLUF0YksmiSSygWVTDpCx1RkD7o/BAswgxxN5iKKHODSccs4uTwRRQD5lOxy42NbygsQ9kJzCDRTKnFJHQAA7"
Azure Dragon,Neutral,7,50,50,70,80,1000,19,1,78845,30000 Gold 20 Mercury,"Flying, Dragon, Breath, Fear, Resist lvl 1â€“3 spells, Resist Fear","data:image/png;base64,R0lGODlhGwAeAPcAAAUIDNSSJBwneHyGlFZHNDlZjKS+tBUdREpGRDxarHFmTIiCZCQ2pJSklKyieFyChDE0TCo/gJbf9GlYRDktJGR1dEhyrJyCfFCEwRgjXFyizAwSLXx2VGeVhGrC4i5Aj1RWXFySvB8pRC5JqkRwyCEwkTxYnDRGZMnx9JTX7FRujDlbxG1fRKSWdFh8rIuDb5u1q16p1l9NRIRyVIaDfigzYMDe4GQyJHbP7CxGvAwMITFLkbReFFxidGBoaJSKbEw+LJmTfVeLwhQaMR0nVCc6eYadlDxkroSmtHR2ZFqVzBUhVDRKdFlZVIx+fEZ0vCEtYXyViiQ5kXB4jGiz3DE/aU9jjGRTPHRuTJermWt9fCw/nDRRqWRiVH+Mh7np8xQSHGZYTBQWPCQuTDxkpEFqxFRQVITW7KyWfBwqhF1OPBgiSzRKVCw+wEx2sRwmbBEWMWzI5Fd6kWxgTEt8vJSLdFydzzhOhMfq79yqRCQudMyyfGyOhKnm9BwmPEyGzBomZLSCRKxuLHQ+PHyuzFiEtMSaVPS2LIxCHERCRHyarEx+xHyixLjU3LTCxExOXH95XERabHhyaGxqhLSufDRQvLRqJKy6tDw7PJRmPDQyNFRehKyCXDlXpDhSnGxoeGRynIScjDRKbDRWvCw6bDxivCo/ppeOf0Ru1Jx6THhwXERQbGyavId+Z0BSfFiOtEx6nHRqXGxyhCxKtCQunFmNzCg4hCY4nJSupKymhCxIzBQcPDRQtPS6PDROzJS2zEdCPKS6rGyu1GNSRKSagDxq1LiegNy6dKRyVHSFf3jA4ExKXJiGcIzO5JyirIh4aD8/bJCYpAwOFExOSDxesCw6VCxGlERelDxiyERqsYCqwLza4GReXMz29ExqjIx+XEhOdExGVFhcbI+lnCwqLExxtHSWjFyUxCAnTEx6tExmfGx+hITZ9DQ+TKTGzCQuPCQuVKSedCxGnER21FRulHRuVA0SJCQufFxqjFRSTAwKFFlJPBQeTERKTDRWtHRqVCH5BAAAAAAALAAAAAAbAB4ABwj/AL98kUBQAruDEpppS8FOCa9CwjCUiJCNF4lKJTJ064YChcA+ICWk0Mbq1ysXSuwUqFKkyrVraQBl6EiTpsBf5woocuOCRLkCkTZkYGKrCrpdAr90xLOtaSNGXHbcGSGk3ApYOnRsWEKk2gZ7X/DYaOTIAAwj47SVk2LCk7VyEeio25B1g4ghWd0F2xsMl5EoRpBwyWEtgTUBnU5sGEI3KxhpAGBIhoHLXAMjaO/cYqDrFj1AS+DsYpx1CAAADWBkuRwlSqgsWkQsWQIIHyiZGw7w27XLng7IFSoka22uuA9+RDLwy/AGEKAD9nbNXoMXuJYoWvh06PBAj55BGcIT/yGyZBe/JeFnZwVQwUmoZBX48JGTpoQeeBBkhHFFhI2oIgK8IUAGYvz2zQsNZHFKMlrIMQsDosSSCiIyXKPKKt54M0obAfKjgz1YcGCMA/EEcYoXbsjyAiSW3GDFM8f04IYddmBjigBLfPVPC8a0sAAH9QCBwCkX5MHDJ5tQskckdHggjBJtpPEGXS8w88MPzDBzShNNiMNJL8hY8UIuDkxyDg44xNDZGwfoI8kCddSxABrEvHDBFIYc4sQqpwTRwidK4BBHDL4wQJs+rTBTR6KtPHNiOAEEwkUXC7SiCgRCnIGDMCuUUMIBOkBSjwIKsDBHLJBIkokg4DwCSaqaHP8Qw0FUFHPLgHBMcMUELJjKwhVmQOPKMgrMwcI7u0TggUEezMNLc0XoOsEc015xxTDQ5HPtFRAs8cYWy7JDBSqmWHOEBWEMMwyvxhY7wbu61rDDLabMmuYfK7hBRifv7qNGv+9eocYVBCDAhQVbSGEBOzF4MEolSiyCwT7AUAxMPxCoAQwm+1yxTw1PPMFFJwko4YEHi4yAAQZPEADCJh9IsUMGB3xQxBDkYHJELRiMcostSogrRCmLUKGEFwNAQUYEB8AxhBT3bNDbERiUwQU1W5BBhTIxjFBKLXREg8AU7YiACT+AoAMHHDqsEUEZI6RxjwDovBKHBtY8YUctYTh24UXF+4BDRNv8+FEDP7fys5s96oQgxBHZYLDIPs5MQ8AwTsgyhgi7DSHGEDLpQME+BOQjBwbUkCCEEsMkI8O/l2jRzxgZDLELqPzAQQEBQBAwQRMY1GIBHXRw04S6c0TjgxqHJzJGaKLvMwwBHYfhjRAYjPBEQAA7"
